user_id,displayName,email
0165f0ca-53e5-4637-8e29-e01f330c49e5,Alyssa Bechtelar-Stanton,Barbara_Yost@hotmail.com
019adb9b-5729-471d-a3f7-2996de28451b,Antonia King,Angelina_Kirlin@hotmail.com
020276b7-fafe-4326-b9ac-6d79b4c37e4f,Rosalie Bartell,Cooper_Rogahn31@gmail.com
0311df4e-f561-4db9-99b6-764a66842e0b,Miss Natalie Harber,Dewayne_Stracke26@gmail.com
04911fe4-65ce-4bbc-9fa7-b94e0ecf5e78,Angel Kessler Sr.,Monserrate34@hotmail.com
0887069a-aa53-4246-8837-cc51371808d1,Meghan Miller,Garland.Watsica@gmail.com
0cacce4c-39f0-462b-be29-cc399cc38919,Joel Streich-Murphy,Arnoldo0@hotmail.com
0d88f504-821b-401d-96e1-c9c43577381f,Geraldine Dickens,Jaida_Littel14@yahoo.com
12059e6c-4cef-4916-9f2a-0123de76c296,Homer Reichel,Dee_Jerde@hotmail.com
148be5e9-17a9-476d-9a5a-d0a69b227547,Casey Lockman,Patricia_Hamill60@yahoo.com
178c791e-1a6a-42fb-87ba-1b9a0145350e,Florence Veum,Gust64@yahoo.com
188a0abb-2088-40da-ad9a-d9b7c13de723,Lloyd Jacobi,Rory71@yahoo.com
1d960512-116a-4211-8808-d1a6f6e3dadc,Roberto Schiller-Dooley,Delphine_Klein@hotmail.com
1e66883a-9846-4384-8793-124a0f5266da,Roberta Macejkovic,Brionna_Price@yahoo.com
212e3dc5-e42c-478d-8b86-048efc1ee17c,Alma Wiza,Tracy58@gmail.com
25180e5b-9888-49c2-be38-0437db88eaf4,Mrs. Brandy Boyle,Kim0@gmail.com
284bbf9c-4732-441c-a594-f232c49fc07a,Dianne Hartmann V,Alexis.Beer@hotmail.com
2c1607ec-a1c7-4fae-b181-e05a70592ae2,Flora Pollich,Jovanny.Moen45@gmail.com
2c86a550-7f4f-41ce-877d-c3aa74d8e90e,Frankie Fahey,Mazie.Hudson@gmail.com
36ede17c-e170-42c4-a99d-0343db68cf3b,Travis Schmidt I,Nadia7@hotmail.com
377a058f-cc32-4377-b7cd-02e651dd58ab,Sherri Stokes,Concepcion84@hotmail.com
3a997d60-2e5c-47d9-a11e-94752124824a,Larry Kshlerin,Chyna_Herzog@hotmail.com
3c55e14b-e5e1-4613-8349-2aae6a2be8aa,Mr. Pat Bruen,Elinore8@yahoo.com
3c5e3de4-41dd-446b-ab35-ee308241ea2b,Dustin Powlowski Jr.,Augustine_Weissnat@yahoo.com
3ca5fdb2-6796-42d8-a425-37c05cbd2661,Bernadette Mohr,Angela25@gmail.com
3fc777b1-6872-4f7d-af40-b716777c511b,Janie Will,Mollie.Dicki81@yahoo.com
437094ec-0349-4a18-adc6-d1a4c594b467,Gerardo Donnelly,Mauricio_Hodkiewicz@yahoo.com
448e616f-a8a6-4643-91e0-e8cbafb86a21,Conrad Sawayn,Kaci_Klocko73@yahoo.com
44f2814e-56d5-48f0-8a2c-d530db95e8a4,Benjamin Little,Johann_White31@hotmail.com
4fe6b059-89a5-4d4f-b4ca-e25c8da21913,Dr. Jerome Kemmer,Eliza.Spencer28@gmail.com
515e5c96-51c8-4226-a490-795996321da4,Ignacio Mante,Elton.Torp96@hotmail.com
519a0dfe-c0cb-42f8-bc5e-0ba386cd034b,Lindsay Prohaska,Samanta.Armstrong54@hotmail.com
524266d8-1e8f-49ce-8f21-eb74cd16d6a7,Penny Smitham,Thelma.Luettgen19@hotmail.com
5396ec56-3d4f-4d6b-a634-1b039eea337f,Nina Halvorson,Maureen.Fay@hotmail.com
53fad979-5605-496a-9929-1cafd692e2f3,Camille Schultz,Shanelle.Gleason@hotmail.com
5617e71e-bd70-4a82-8c6a-5f6e589dc321,Johanna Jacobson,Lew_Stamm@hotmail.com
591d8ae5-4f66-4476-82d8-c3cb2d367547,Dr. Ted Ritchie,Domenica97@gmail.com
5a7cfe69-d346-4dfd-9c72-bf7a7229a3c7,Miss Frances Heller,Arden61@gmail.com
5c35d608-fe8c-4d4c-b27d-dbbdd016173c,Marshall Waelchi,Noble33@yahoo.com
68b6f1c1-24dd-45a3-860f-82e11c73dc43,Yvonne Kuhn,Jamey.Runte@yahoo.com
69b8dd12-a6c8-4c03-83a7-4a56e178fd29,Bob Reichel,Concepcion_Farrell-Prohaska46@hotmail.com
6a3c820f-a6c8-417d-b1eb-3a91fd5465f1,Mathew Roob,Nedra84@hotmail.com
6a5c6754-da09-46f8-9a00-e593bc479f38,Karen Baumbach,Monty.Botsford10@yahoo.com
6bc41437-ad07-4156-9f7d-37683f6b441e,Wilbur Kreiger,Sheridan.Renner28@yahoo.com
6e838593-0bff-4e03-8314-1d39cb7a11ee,Fernando Kohler,Karelle_Rowe@hotmail.com
6f4112d6-3237-45b1-8462-0df000cbcb4d,Erica Mitchell,Alanis41@gmail.com
70c7fa26-ee58-45d2-acc7-db6535b72404,Devin Raynor,Ariane51@hotmail.com
71107579-fb72-4ceb-9931-ff886ea766ae,Darren Zboncak,Shawna.Harvey60@gmail.com
73d1a5d9-b23d-4db6-80d1-9045b84ef975,Willie Okuneva,Carleton76@yahoo.com
74a0afd4-085e-40fa-924a-ffef9af48f88,Blake Boyle,Cristopher_Crist@gmail.com
76042b4a-491a-4868-8995-881d450065ec,Krista Gusikowski,Ocie.Shields@yahoo.com
78b00261-2f98-46fe-a140-b3632aa8a8b3,Mrs. Billie Auer,Bettye_Gibson46@yahoo.com
79d334a8-db70-4759-87b4-4c6ac67a6ca1,Mr. Bob Roberts,Damion22@yahoo.com
7d347500-296c-4642-8f09-e0999c27b921,Lela Franey Sr.,Ezequiel40@hotmail.com
88a59e63-0405-4c40-b172-c188956e07ea,Chester Pacocha,Gavin.Goldner76@yahoo.com
8aa0e43d-955f-4137-a2e6-efa77dc3cc5d,Stephen Corwin,Jarrod68@hotmail.com
91b4d6e1-711d-4ab9-92da-cb597962a695,Mr. Brandon Fritsch PhD,Elisha.Raynor@yahoo.com
91b92127-b713-46d8-8ac0-1c39fa3ce4bc,Allan Hammes IV,Bryce_Rosenbaum@yahoo.com
966c1541-a5bf-44bf-9f7a-cc44353c03ce,Fred Wuckert,Cecelia19@gmail.com
97017130-d968-4076-ac3d-9b95c1b58676,Elena Rowe-Denesik,Aracely20@yahoo.com
9a19e12c-c6cb-40cd-a4e7-c7daf4bd2b29,Shelly Gleichner-Howell,Ena_Wilderman47@gmail.com
9d30b528-1f30-44b0-af2f-eb9261cd9b60,Marguerite Spencer,Liliane_Rolfson@hotmail.com
9fb8e846-6853-424b-b223-3301abb86f6c,Rogelio Glover,Cortez.Fisher@gmail.com
a11b687e-84f7-4e47-ad0f-3e30894aced8,Alan Koelpin,Leonie61@yahoo.com
a41e01e1-4fb7-4038-932e-0d649e6496aa,Floyd Hahn,Xzavier_Moen98@gmail.com
a4c77b5d-d638-49a1-a01c-b11248ada5e6,Hope Bechtelar IV,Jazmyn_Jakubowski17@hotmail.com
a74f5d0b-2618-4450-950e-ba5af558378e,Kirk Wiegand,Kenya_Towne@yahoo.com
a9227e33-7c4e-42f1-a79c-e39c8dec944b,Donnie Cormier,Annie.Bogan97@hotmail.com
aab34b56-7db3-48ff-8194-e7574620e937,Amos Breitenberg,Dee_Bahringer94@gmail.com
adf5a3c2-be9e-42f0-8f1f-5518f51dd3df,Teresa Wilkinson,Nia30@hotmail.com
b2c2e36f-d596-4212-999c-bfc8946ead07,Laura Welch,Urban49@yahoo.com
b2cfa4a2-f89c-4313-bba0-c27c0a7d5eaa,Ms. Audrey Ankunding Sr.,Rahul_Jones-Schultz90@yahoo.com
ba8acce4-b029-4e45-b047-72045d90e2a0,Freda Grimes III,Lesly70@yahoo.com
bc99ee59-6bae-44d3-be7d-879119ecfb06,Jesse Kilback,Tatyana_Halvorson@hotmail.com
bd485610-c27a-4bbb-af5b-0d0aaa93ee19,Lawrence Gerlach,Grace_Dach@gmail.com
bdf64d95-1631-4859-9993-a6915d046548,Tony Hoeger,Antwon19@gmail.com
bea71243-fc52-45fa-8c08-70f5c5e6d06f,Henrietta Bernier,Jazmyne1@yahoo.com
c198b4d3-8f80-4d6f-bdfa-5d1901d08136,Inez Senger DDS,Eveline.Mueller@hotmail.com
c5f71c49-e966-46c9-b0b4-a5a6a882c0e5,Alan Williamson,Salvatore_Ziemann@gmail.com
c62fbd34-f95f-4294-9a8c-ef2c2d2029e7,Billie Runolfsdottir,Camila29@yahoo.com
c674b684-9c15-4244-be68-3140b719e1b9,Geoffrey Koch,Allene_Bogan@hotmail.com
c98ed1a9-cd26-46bc-988d-ffb2ad25c4d2,Jamie Veum,Heidi52@yahoo.com
cbce11d7-787f-4bc8-b82c-d2457ecbc351,Toni Franey,Gardner81@yahoo.com
cc267e9d-3289-4a34-b197-49cf9ed68a4b,Cary Schmitt,Owen_Connelly15@yahoo.com
d0f47cec-1075-4c8f-8eee-b0761d857726,Brandy Swift,Cynthia28@yahoo.com
d9789316-14fa-47b2-963b-6f96d95c04cf,Margaret Satterfield,Danial_Greenfelder@yahoo.com
d99437a2-fb4b-4b3a-8ff1-a836bbbce393,Lana Raynor,Raina_Balistreri@gmail.com
dd4eb7f1-1909-4dcf-8df3-bcabe970f1e5,Delores Mayer,Imogene.Gislason@yahoo.com
de040631-2f74-48ee-abbb-b1a7ddf52f12,Mr. Terrence Harris,Elfrieda48@gmail.com
e31aaee5-97e7-43ab-b43a-5634c6083e97,Stanley Kuvalis-Gislason,Martine62@yahoo.com
e31bc982-a05e-4c55-b5f2-a8e2cebdd0de,Dr. Angela Toy,Arvilla.Towne@gmail.com
e3345631-97e8-4efb-af14-9ebfa5a9f833,Troy Reynolds,Armando.Bosco63@hotmail.com
ea2e072b-df6c-4e28-8a91-30a5206c1187,Mabel Champlin,Helga28@yahoo.com
ecd1768c-149c-4c04-9faa-32ad7dcff658,Rhonda Corkery,Gerda.Crooks16@hotmail.com
efd70f03-565c-4e0e-a114-80dfa5fa2b29,Shirley Moore,Oral7@yahoo.com
f05bba06-a461-4059-9227-dfb890f1e77c,Dr. Terri Kilback,Jimmy80@yahoo.com
f617c111-ddcb-415b-9bbb-0e34640ff6e6,Sophie Beahan-Labadie,Joaquin.Kessler@hotmail.com
fb093e0d-7259-48f4-96cc-b59398216f33,Clayton Quitzon,Brooke96@hotmail.com
fe236505-219f-459f-89fa-b8d6c3cdfd6b,Cathy Haag,Franz.Williamson25@yahoo.com
fea92b6e-b248-4771-8ca6-8e6400df56b3,Greg Goodwin,Laurence.Zboncak@yahoo.com